sample	chr	position	gene_name
strain A	NZ_CP015832.1	18903	A8L39_RS00090
strain A	NZ_CP015832.1	46008	mnmE
strain A	NZ_CP015832.1	232461	ehaG
strain A	NZ_CP015832.1	264085	A8L39_RS01400
strain A	NZ_CP015832.1	269448	avtA
strain A	NZ_CP015832.1	294359	bisC
strain A	NZ_CP015832.1	400133	A8L39_RS02025
strain A	NZ_CP015832.1	466266	A8L39_RS02380
strain A	NZ_CP015832.1	472136	glgX
strain A	NZ_CP015832.1	517902	igaA
strain A	NZ_CP015832.1	530580	rpe
strain A	NZ_CP015832.1	569667	rpsJ
strain A	NZ_CP015832.1	614070	panF
strain A	NZ_CP015832.1	758064	tdcG
strain A	NZ_CP015832.1	778761	ygjR
strain A	NZ_CP015832.1	861031	yqhC
strain A	NZ_CP015832.1	962723	ygfB
strain A	NZ_CP015832.1	1104797	sdaC
strain A	NZ_CP015832.1	1156592	cas1e
strain A	NZ_CP015832.1	1176455	flhA
strain A	NZ_CP015832.1	1242109	gabD
strain A	NZ_CP015832.1	1418309	upp
strain A	NZ_CP015832.1	1531880	ypdI
strain A	NZ_CP015832.1	1544592	emrY
strain A	NZ_CP015832.1	1581220	stxA1a
strain A	NZ_CP015832.1	1589445	A8L39_RS08180
strain A	NZ_CP015832.1	1680887	nuoC
strain A	NZ_CP015832.1	1726666	glpA
strain A	NZ_CP015832.1	1900244	A8L39_RS09705
strain A	NZ_CP015832.1	1999319	yegQ
strain A	NZ_CP015832.1	2172498	shiA
strain A	NZ_CP015832.1	2252644	fliN
strain A	NZ_CP015832.1	2275879	tcyJ
strain A	NZ_CP015832.1	2363341	edd
strain A	NZ_CP015832.1	2374090	pphA
strain A	NZ_CP015832.1	2432138	yeaD
strain A	NZ_CP015832.1	2468361	astA
strain A	NZ_CP015832.1	2506083	nlpC
strain A	NZ_CP015832.1	2554815	mdtK
strain A	NZ_CP015832.1	2564090	mepH
strain A	NZ_CP015832.1	2594889	ydgJ
strain A	NZ_CP015832.1	2771656	lsrK
strain A	NZ_CP015832.1	2802447	gadC
strain A	NZ_CP015832.1	2907237	A8L39_RS34530
strain A	NZ_CP015832.1	2991299	rnb
strain A	NZ_CP015832.1	3021569	trpB
strain A	NZ_CP015832.1	3038898	A8L39_RS15840
strain A	NZ_CP015832.1	3074068	yciI
strain A	NZ_CP015832.1	3076233	cls
strain A	NZ_CP015832.1	3232275	A8L39_RS16985
strain A	NZ_CP015832.1	3282132	racR
strain A	NZ_CP015832.1	3321061	yceD
strain A	NZ_CP015832.1	3353751	msyB
strain A	NZ_CP015832.1	3514860	rutA
strain A	NZ_CP015832.1	3672979	ycaI
strain A	NZ_CP015832.1	3685770	pflB
strain A	NZ_CP015832.1	3688365	ycaM
strain A	NZ_CP015832.1	3701902	ftsK
strain A	NZ_CP015832.1	3719474	A8L39_RS19670
strain A	NZ_CP015832.1	3861171	fiu
strain A	NZ_CP015832.1	3970927	ybgC
strain A	NZ_CP015832.1	4065187	rihA
strain A	NZ_CP015832.1	4080841	mrdA
strain A	NZ_CP015832.1	4194045	allE
strain A	NZ_CP015832.1	4304996	lon
strain A	NZ_CP015832.1	4306303	clpX
strain A	NZ_CP015832.1	4431235	A8L39_RS22980
strain A	NZ_CP015832.1	4452792	betT
strain A	NZ_CP015832.1	4505195	tssH
strain A	NZ_CP015832.1	4515080	A8L39_RS23375
strain A	NZ_CP015832.1	4574691	dgt
strain A	NZ_CP015832.1	4597054	folK
strain A	NZ_CP015832.1	4609021	yadE
strain A	NZ_CP015832.1	4688796	polB
strain A	NZ_CP015832.1	4710372	fixB
strain A	NZ_CP015832.1	4745308	dnaK
strain A	NZ_CP015832.1	4774045	radA
strain A	NZ_CP015832.1	4823694	yjiR
strain A	NZ_CP015832.1	4872228	A8L39_RS25095
strain A	NZ_CP015832.1	5037331	cutA
strain A	NZ_CP015832.1	5062166	adiA
strain A	NZ_CP015832.1	5104035	mdtP
strain A	NZ_CP015832.1	5114243	nrfB
strain A	NZ_CP015832.1	5121456	espX5
strain A	NZ_CP015832.1	5280250	ptsP
strain A	NZ_CP015832.1	5307998	menA
strain A	NZ_CP015832.1	5325819	yiiM
strain A	NZ_CP015832.1	5450387	aslA
strain B	NZ_CP015832.1	2748	rsmG
strain B	NZ_CP015832.1	67778	A8L39_RS00320
strain B	NZ_CP015832.1	125199	sepL
strain B	NZ_CP015832.1	135343	A8L39_RS00740
strain B	NZ_CP015832.1	142625	A8L39_RS00790
strain B	NZ_CP015832.1	336387	pdeH
strain B	NZ_CP015832.1	385609	pitA
strain B	NZ_CP015832.1	433134	yhhM
strain B	NZ_CP015832.1	515628	hslO
strain B	NZ_CP015832.1	744772	garR
strain B	NZ_CP015832.1	757942	tdcG
strain B	NZ_CP015832.1	903886	yqgA
strain B	NZ_CP015832.1	1031310	A8L39_RS05310
strain B	NZ_CP015832.1	1042923	A8L39_RS05395
strain B	NZ_CP015832.1	1172359	pphB
strain B	NZ_CP015832.1	1350607	yphH
strain B	NZ_CP015832.1	1427394	hyfJ
strain B	NZ_CP015832.1	1466225	eutM
strain B	NZ_CP015832.1	1498001	cysK
strain B	NZ_CP015832.1	1579588	A8L39_RS08100
strain B	NZ_CP015832.1	1586877	A8L39_RS33120
strain B	NZ_CP015832.1	1640921	mnmC
strain B	NZ_CP015832.1	1755737	yfaP
strain B	NZ_CP015832.1	1835352	mglA
strain B	NZ_CP015832.1	2072097	wzzB
strain B	NZ_CP015832.1	2191251	A8L39_RS11265
strain B	NZ_CP015832.1	2201279	A8L39_RS11370
strain B	NZ_CP015832.1	2252527	fliN
strain B	NZ_CP015832.1	2274765	fliA
strain B	NZ_CP015832.1	2306052	yecA
strain B	NZ_CP015832.1	2347420	aspS
strain B	NZ_CP015832.1	2384448	htpX
strain B	NZ_CP015832.1	2421094	nimT
strain B	NZ_CP015832.1	2544725	ydhY
strain B	NZ_CP015832.1	2570945	nemA
strain B	NZ_CP015832.1	2635701	ynfF
strain B	NZ_CP015832.1	2669263	A8L39_RS13960
strain B	NZ_CP015832.1	2708128	A8L39_RS14245
strain B	NZ_CP015832.1	2801421	gadC
strain B	NZ_CP015832.1	2812959	ddpD
strain B	NZ_CP015832.1	2868392	rlhA
strain B	NZ_CP015832.1	2925001	dgcM
strain B	NZ_CP015832.1	2966619	puuE
strain B	NZ_CP015832.1	3129785	dhaR
strain B	NZ_CP015832.1	3145376	emtA
strain B	NZ_CP015832.1	3222877	A8L39_RS16905
strain B	NZ_CP015832.1	3307979	fhuE
strain B	NZ_CP015832.1	3337871	flgM
strain B	NZ_CP015832.1	3367853	ycdY
strain B	NZ_CP015832.1	3381085	cah
strain B	NZ_CP015832.1	3403794	A8L39_RS18025
strain B	NZ_CP015832.1	3417455	A8L39_RS18120
strain B	NZ_CP015832.1	3417688	A8L39_RS18120
strain B	NZ_CP015832.1	3426796	A8L39_RS18175
strain B	NZ_CP015832.1	3445580	A8L39_RS18320
strain B	NZ_CP015832.1	3457915	A8L39_RS18380
strain B	NZ_CP015832.1	3512502	putA
strain B	NZ_CP015832.1	3573475	A8L39_RS18905
strain B	NZ_CP015832.1	3739911	A8L39_RS19735
strain B	NZ_CP015832.1	3872283	rhlE
strain B	NZ_CP015832.1	3956845	galK
strain B	NZ_CP015832.1	4011343	dtpD
strain B	NZ_CP015832.1	4135864	fes
strain B	NZ_CP015832.1	4178357	fimC
strain B	NZ_CP015832.1	4219062	cnoX
strain B	NZ_CP015832.1	4314155	cyoB
strain B	NZ_CP015832.1	4445982	pdeL
strain B	NZ_CP015832.1	4522764	A8L39_RS23430
strain B	NZ_CP015832.1	4566270	map
strain B	NZ_CP015832.1	4727410	ispH
strain B	NZ_CP015832.1	4768282	sltY
strain B	NZ_CP015832.1	4914439	lptF
strain B	NZ_CP015832.1	4959304	msrA
strain B	NZ_CP015832.1	4996448	rnr
strain B	NZ_CP015832.1	5066144	adiC
strain B	NZ_CP015832.1	5072318	rdcB
strain B	NZ_CP015832.1	5341729	frvR
strain B	NZ_CP015832.1	5384346	polA
strain B	NZ_CP015832.1	5405990	fre
strain B	NZ_CP015832.1	5432860	corA
strain B	NZ_CP015832.1	5482343	ilvE
strain C	NZ_CP015832.1	35903	yieF
strain C	NZ_CP015832.1	113286	escN
strain C	NZ_CP015832.1	133058	A8L39_RS00720
strain C	NZ_CP015832.1	155964	merE
strain C	NZ_CP015832.1	250298	A8L39_RS01340
strain C	NZ_CP015832.1	329867	hmsP
strain C	NZ_CP015832.1	367883	chuA
strain C	NZ_CP015832.1	456359	A8L39_RS02335
strain C	NZ_CP015832.1	634509	aaeB
strain C	NZ_CP015832.1	794934	ebgR
strain C	NZ_CP015832.1	852160	parC
strain C	NZ_CP015832.1	866122	yghA
strain C	NZ_CP015832.1	991231	xanQ
strain C	NZ_CP015832.1	1045851	yqeH
strain C	NZ_CP015832.1	1212437	alaS
strain C	NZ_CP015832.1	1267402	A8L39_RS06500
strain C	NZ_CP015832.1	1367455	hcaT
strain C	NZ_CP015832.1	1424577	focB
strain C	NZ_CP015832.1	1456106	ypfG
strain C	NZ_CP015832.1	1465538	pta
strain C	NZ_CP015832.1	1654857	purF
strain C	NZ_CP015832.1	1686592	nuoG
strain C	NZ_CP015832.1	1739725	yfaL
strain C	NZ_CP015832.1	1793020	radD
strain C	NZ_CP015832.1	1801846	pdeN
strain C	NZ_CP015832.1	1897538	A8L39_RS09680
strain C	NZ_CP015832.1	2001522	baeR
strain C	NZ_CP015832.1	2307576	tyrP
strain C	NZ_CP015832.1	2377557	yebT
strain C	NZ_CP015832.1	2443040	A8L39_RS12730
strain C	NZ_CP015832.1	2492809	ydiY
strain C	NZ_CP015832.1	2518127	ydiR
strain C	NZ_CP015832.1	2560203	purR
strain C	NZ_CP015832.1	2572025	nemA
strain C	NZ_CP015832.1	2757804	glsB
strain C	NZ_CP015832.1	2771314	lsrK
strain C	NZ_CP015832.1	2810807	ddpB
strain C	NZ_CP015832.1	2816663	maeA
strain C	NZ_CP015832.1	2817097	maeA
strain C	NZ_CP015832.1	2968470	puuC
strain C	NZ_CP015832.1	2991047	rnb
strain C	NZ_CP015832.1	3005734	cysB
strain C	NZ_CP015832.1	3020446	trpCF
strain C	NZ_CP015832.1	3041251	A8L39_RS15865
strain C	NZ_CP015832.1	3077666	yciU
strain C	NZ_CP015832.1	3090268	galU
strain C	NZ_CP015832.1	3095331	A8L39_RS16200
strain C	NZ_CP015832.1	3141567	A8L39_RS16415
strain C	NZ_CP015832.1	3235973	potA
strain C	NZ_CP015832.1	3262228	A8L39_RS17140
strain C	NZ_CP015832.1	3511982	putA
strain C	NZ_CP015832.1	3661968	mukF
strain C	NZ_CP015832.1	3739058	A8L39_RS19730
strain C	NZ_CP015832.1	4048543	nagA
strain C	NZ_CP015832.1	4056334	miaB
strain C	NZ_CP015832.1	4099902	citF
strain C	NZ_CP015832.1	4162142	A8L39_RS21820
strain C	NZ_CP015832.1	4178662	fimC
strain C	NZ_CP015832.1	4268828	htpG
strain C	NZ_CP015832.1	4355905	araJ
strain C	NZ_CP015832.1	4614504	gcd
strain C	NZ_CP015832.1	4737045	A8L39_RS24410
strain C	NZ_CP015832.1	4767547	trpR
strain C	NZ_CP015832.1	4819703	symE
strain C	NZ_CP015832.1	4979778	ulaE
strain C	NZ_CP015832.1	4987734	aidB
strain C	NZ_CP015832.1	5004026	mutL
strain C	NZ_CP015832.1	5005439	mutL
strain C	NZ_CP015832.1	5111657	nrfE
strain C	NZ_CP015832.1	5122282	yjcE
strain C	NZ_CP015832.1	5214864	purD
strain C	NZ_CP015832.1	5222546	nudC
strain C	NZ_CP015832.1	5341665	frvR
strain C	NZ_CP015832.1	5358620	yihV
strain C	NZ_CP015832.1	5408020	rfaH
strain C	NZ_CP015832.1	5468060	rho
strain D	NZ_CP015832.1	16943	A8L39_RS00085
strain D	NZ_CP015832.1	24967	pstB
strain D	NZ_CP015832.1	110981	escV
strain D	NZ_CP015832.1	185544	recG
strain D	NZ_CP015832.1	271696	malS
strain D	NZ_CP015832.1	346392	ccp
strain D	NZ_CP015832.1	425988	yhhT
strain D	NZ_CP015832.1	455872	A8L39_RS02335
strain D	NZ_CP015832.1	480940	A8L39_RS02430
strain D	NZ_CP015832.1	480971	A8L39_RS02430
strain D	NZ_CP015832.1	576410	rpsH
strain D	NZ_CP015832.1	622558	mreB
strain D	NZ_CP015832.1	750843	tdcB
strain D	NZ_CP015832.1	767463	yqjC
strain D	NZ_CP015832.1	778840	ygjR
strain D	NZ_CP015832.1	789617	ygjI
strain D	NZ_CP015832.1	833539	cpdA
strain D	NZ_CP015832.1	860614	yqhD
strain D	NZ_CP015832.1	1020935	A8L39_RS05255
strain D	NZ_CP015832.1	1080292	recB
strain D	NZ_CP015832.1	1110711	truC
strain D	NZ_CP015832.1	1119761	rlmD
strain D	NZ_CP015832.1	1126079	eno
strain D	NZ_CP015832.1	1301437	clpB
strain D	NZ_CP015832.1	1320756	srmB
strain D	NZ_CP015832.1	1405002	guaB
strain D	NZ_CP015832.1	1414556	ppk1
strain D	NZ_CP015832.1	1504727	A8L39_RS07655
strain D	NZ_CP015832.1	1542857	evgA
strain D	NZ_CP015832.1	1581415	stxA1a
strain D	NZ_CP015832.1	1618001	yfdC
strain D	NZ_CP015832.1	1627403	sixA
strain D	NZ_CP015832.1	1814119	fruA
strain D	NZ_CP015832.1	1822101	yeiI
strain D	NZ_CP015832.1	1836554	mglC
strain D	NZ_CP015832.1	1880028	A8L39_RS09560
strain D	NZ_CP015832.1	1913950	A8L39_RS09765
strain D	NZ_CP015832.1	1945777	A8L39_RS09895
strain D	NZ_CP015832.1	1954784	yegV
strain D	NZ_CP015832.1	1962898	A8L39_RS09990
strain D	NZ_CP015832.1	1963640	gatD
strain D	NZ_CP015832.1	1987032	A8L39_RS10155
strain D	NZ_CP015832.1	2002136	baeS
strain D	NZ_CP015832.1	2018183	alkA
strain D	NZ_CP015832.1	2033505	wcaA
strain D	NZ_CP015832.1	2163362	cobT
strain D	NZ_CP015832.1	2168185	yeeO
strain D	NZ_CP015832.1	2185979	mtfA
strain D	NZ_CP015832.1	2270381	fliS
strain D	NZ_CP015832.1	2458690	ynjE
strain D	NZ_CP015832.1	2500408	pheS
strain D	NZ_CP015832.1	2531185	ydiJ
strain D	NZ_CP015832.1	2569173	lhr
strain D	NZ_CP015832.1	2596854	malY
strain D	NZ_CP015832.1	2758416	yneG
strain D	NZ_CP015832.1	2794683	yddB
strain D	NZ_CP015832.1	3039246	A8L39_RS15845
strain D	NZ_CP015832.1	3118342	lolB
strain D	NZ_CP015832.1	3317231	fabD
strain D	NZ_CP015832.1	3328855	flgK
strain D	NZ_CP015832.1	3367536	ycdZ
strain D	NZ_CP015832.1	3398845	A8L39_RS17995
strain D	NZ_CP015832.1	3408457	iha
strain D	NZ_CP015832.1	3425690	A8L39_RS18165
strain D	NZ_CP015832.1	3493606	dgcT
strain D	NZ_CP015832.1	3658628	mukB
strain D	NZ_CP015832.1	3745932	A8L39_RS19740
strain D	NZ_CP015832.1	3803133	ybjO
strain D	NZ_CP015832.1	3830074	gsiD
strain D	NZ_CP015832.1	3865605	hcxB
strain D	NZ_CP015832.1	4020586	A8L39_RS21145
strain D	NZ_CP015832.1	4059554	lnt
strain D	NZ_CP015832.1	4271800	dnaX
strain D	NZ_CP015832.1	4325459	dxs
strain D	NZ_CP015832.1	4509006	tssA
strain D	NZ_CP015832.1	4652341	murC
strain D	NZ_CP015832.1	4844647	hypT
strain D	NZ_CP015832.1	4889656	A8L39_RS25110
strain D	NZ_CP015832.1	4979566	ulaE
strain D	NZ_CP015832.1	5120140	actP
strain D	NZ_CP015832.1	5182967	yjbD
strain D	NZ_CP015832.1	5207991	A8L39_RS26665
strain D	NZ_CP015832.1	5232026	rpoC
strain D	NZ_CP015832.1	5266140	argB
strain D	NZ_CP015832.1	5282035	ptsP
strain D	NZ_CP015832.1	5339696	frvX
strain D	NZ_CP015832.1	5355754	yihY
strain D	NZ_CP015832.1	5438113	yigB
strain A	NZ_CP015832.1	160996	tetR(A)
strain A	NZ_CP015832.1	161082	tetR(A)
strain A	NZ_CP015832.1	161093	tetR(A)
strain A	NZ_CP015832.1	161146	tetR(A)
strain A	NZ_CP015832.1	161228	tetR(A)
strain A	NZ_CP015832.1	161404	tetR(A)
strain A	NZ_CP015832.1	161474	tetR(A)
strain A	NZ_CP015832.1	161482	tetR(A)
strain A	NZ_CP015832.1	161507	tetR(A)
strain B	NZ_CP015832.1	161026	tetR(A)
strain B	NZ_CP015832.1	161086	tetR(A)
strain B	NZ_CP015832.1	161102	tetR(A)
strain B	NZ_CP015832.1	161134	tetR(A)
strain B	NZ_CP015832.1	161157	tetR(A)
strain B	NZ_CP015832.1	161217	tetR(A)
strain B	NZ_CP015832.1	161219	tetR(A)
strain B	NZ_CP015832.1	161298	tetR(A)
strain B	NZ_CP015832.1	161346	tetR(A)
strain B	NZ_CP015832.1	161401	tetR(A)
strain B	NZ_CP015832.1	161477	tetR(A)
strain B	NZ_CP015832.1	161499	tetR(A)
strain B	NZ_CP015832.1	161552	tetR(A)
strain B	NZ_CP015832.1	161607	tetR(A)
strain B	NZ_CP015832.1	161612	tetR(A)
strain C	NZ_CP015832.1	161204	tetR(A)
strain C	NZ_CP015832.1	161241	tetR(A)
strain C	NZ_CP015832.1	161446	tetR(A)
strain C	NZ_CP015832.1	161504	tetR(A)
strain C	NZ_CP015832.1	161513	tetR(A)
strain C	NZ_CP015832.1	161566	tetR(A)
strain C	NZ_CP015832.1	161589	tetR(A)
strain D	NZ_CP015832.1	161137	tetR(A)
strain D	NZ_CP015832.1	161176	tetR(A)
strain D	NZ_CP015832.1	161189	tetR(A)
strain D	NZ_CP015832.1	161220	tetR(A)
strain D	NZ_CP015832.1	161367	tetR(A)
strain D	NZ_CP015832.1	161523	tetR(A)
